{"cameraMode":{"drawMode":0,"name":"Shaded","section":"Shading Mode"},"sceneLighting":false,"audioPlay":false,"sceneViewState":{"m_AlwaysRefresh":false,"showFog":true,"showSkybox":false,"showFlares":true,"showImageEffects":true,"showParticleSystems":true,"showVisualEffectGraphs":true,"m_FxEnabled":true},"in2DMode":false,"pivot":{"x":0.16253256797790528,"y":0.5080516338348389,"z":0.19180279970169068},"rotation":{"x":-0.12177982926368714,"y":0.7171966433525086,"z":-0.1296263039112091,"w":-0.6737854480743408},"size":0.6569780111312866,"orthographic":false}